0,23,24,25,26,27,28,29,30,31,32,33,34,35,36,37,38,39,40,41,42,43,44
категория,авиабилеты,автосервис,аптеки,бары,"дом, ремонт",доставка еды,другое,ж/д билеты,зоомагазины,"кафе, рестораны",кинотеатры,красота,"обувь, одежда",отели,развлечения,супермаркеты,театры,топливо,транспорт,туры,фастфуд,фитнес
2019-01-07 00:00:00,0.00211911836894564,0.00543368358796042,0.0233421515678184,0.00273080052958862,0.0147353131528198,0.000257798722683332,0.0937919080563563,0.00180552044963049,0.00249802386817516,0.0271556566885545,0.0038047116534898,0.0074973959640942,0.0170561450814024,0.00206335491811563,0.00349247207464359,0.250587007167336,0.00104148968165579,0.0254494380763636,0.0558037363486497,0.000428520672147502,0.0650916037798107,0.0019282000414565
2019-01-14 00:00:00,0.00241477189575011,0.00546975110199086,0.0237364992534316,0.00255149958768907,0.0141764632872581,0.00029383049091195,0.0982891946199944,0.00198156852356496,0.00251189323927904,0.0311174711410173,0.00304493463593098,0.00763079929646444,0.0158128346027042,0.00194028212246967,0.00280343599887488,0.258885359312679,0.00101285729440269,0.0251181817309523,0.0613728965254856,0.000428663655354758,0.078431543813015,0.00194839641948147
2019-01-21 00:00:00,0.00242342237978912,0.00565098231718837,0.0246825833900456,0.00264508209683839,0.0144260404755242,0.00030462572305981,0.0973256665320952,0.00206364088453015,0.00253208961730401,0.031768044734034,0.0030333172503414,0.0077226660071267,0.0154906576909537,0.00198614398619717,0.00268440247883391,0.264123942314338,0.00102840671819183,0.026378900415134,0.0637000197151875,0.000439530379106246,0.0791740198624958,0.0018579952866936
2019-01-28 00:00:00,0.0027869924509589,0.00543451728787342,0.0257400169312013,0.00283115724522142,0.0144496887508135,0.000308463047654211,0.0983961913263002,0.00211343901697746,0.00258147180042507,0.0320820319622853,0.00281309189219641,0.00776991604606707,0.0152607856844876,0.00205715682448012,0.00287674334507437,0.267870510317481,0.00109567048039082,0.0258535456685617,0.0645464193712095,0.000466955635296586,0.079068453511957,0.00200743465322406
2019-02-04 00:00:00,0.0025479246253878,0.00565689193236623,0.026043750219539,0.00297967611008666,0.0144746704327667,0.000311690378661456,0.0975351741947313,0.00221871805158228,0.00258571905043918,0.0322531539919487,0.00305806195741801,0.00760416140291345,0.0150332307793169,0.00214767432197599,0.00312403612954748,0.271322681197306,0.00111781994240764,0.0262570562206847,0.0665477313736521,0.000471328995483465,0.0800534170790377,0.00190437052555366
2019-02-11 00:00:00,0.00256970624130548,0.00567035248152884,0.0255545554042579,0.00314165721208762,0.0152511168634244,0.000329241536270884,0.104140842549502,0.00220092215671535,0.00260292058339504,0.0342187787568086,0.00408092384391488,0.0086212894450917,0.016400822574238,0.00231409565707734,0.00311075039271165,0.275085271794142,0.00126738936920671,0.0264699426722461,0.0686713864819276,0.00051282944186273,0.0844774625579704,0.00198443457122216
2019-02-18 00:00:00,0.00251547945753611,0.00576604474921211,0.0247722702418855,0.0031644177770353,0.0151998968516758,0.000321934381011182,0.103057670410264,0.00218511912237379,0.00252988399326337,0.0333048948748308,0.00443142255912308,0.00891728167680767,0.0171740874205482,0.00230532007827262,0.003179451637139,0.277952963127689,0.00121340732269484,0.026545741297141,0.0699283919989231,0.000507130560009469,0.0828949215260318,0.00201687973907385
2019-02-25 00:00:00,0.00260741623915753,0.00568284601987422,0.0245944440657992,0.00294339138210519,0.0150291332780329,0.000331962711528278,0.102908664850234,0.00225277733356617,0.00255886296369111,0.0329008809294612,0.00373472613030669,0.00868472135129237,0.0157041291780328,0.00227685769438375,0.00304677077325908,0.268881518576578,0.00119543012923082,0.025973243020436,0.0686437019177295,0.000523837386685698,0.0833863071955908,0.00204329244088371
2019-03-04 00:00:00,0.00231328866356642,0.00514710496495656,0.0224059242191052,0.00333818703400408,0.015753572486835,0.000310750051114056,0.106352255022467,0.00206339738116348,0.00243723473963828,0.0316351876281418,0.00465089461651552,0.0117151327274402,0.018783139690493,0.00233465641650107,0.00334644573605858,0.274746829414766,0.00141400777318784,0.0260386388537592,0.0665939129259292,0.000475825774322399,0.0762895635926545,0.00178679640759222
2019-03-11 00:00:00,0.00263069155800215,0.00610642530836625,0.0239489250529538,0.00301622874438749,0.0147477477854279,0.000314027313834095,0.0995532457834754,0.00229840989081744,0.00258523592407522,0.0324550276701867,0.00283948596589581,0.0079467721888039,0.0157784796835073,0.00223620744439111,0.0029491759491355,0.264188603200126,0.00102529164196406,0.0254351636964913,0.0670817990270613,0.000508631174149985,0.0827674666303371,0.00184182164866167
2019-03-18 00:00:00,0.00306581372934167,0.00636116693959485,0.023931457242656,0.00306905821943451,0.0150453560130346,0.000316681896637326,0.0985126165519815,0.00240236466429707,0.00256599839190859,0.0335133541203687,0.00266736412783939,0.00777497807701948,0.016658326405956,0.00224997194781527,0.00314541844081141,0.272944629872389,0.00110886184132505,0.0260685602623931,0.068399127550008,0.000523772127916563,0.0858299703243315,0.0018106221075669
2019-03-25 00:00:00,0.00276859877326138,0.00685642688184708,0.0240333145679948,0.0032206971654907,0.0153644630840848,0.000319762523594162,0.104071444032457,0.00243487511047985,0.00264455437930792,0.0341632025451252,0.00294304746784903,0.00815671363864958,0.0173442902658873,0.00229287131682058,0.0033058404509573,0.277385124222278,0.00139958781721967,0.0266299225937085,0.069795339786626,0.000556315346726546,0.0889015848086876,0.00196711140244875
2019-04-01 00:00:00,0.00259705898825248,0.00776111101882797,0.0240601119320585,0.00324679956439549,0.0152646936617387,0.000321208823626234,0.100050306327236,0.00260567230108849,0.0027067738832161,0.0339426141572399,0.00309963127541459,0.00791331180519622,0.0176007724970198,0.00223917100097625,0.00311321256644066,0.285533320609023,0.00100375741158283,0.0267533367838472,0.0700743646779705,0.000527863812493327,0.0897639784463192,0.00170701666186423
2019-04-08 00:00:00,0.00264512579022125,0.00799492858974722,0.0236979334181636,0.00324541240165411,0.0160785388161469,0.000337564440135072,0.101849649960398,0.00266812688404926,0.00270867719953567,0.0340798142302421,0.00285813592001979,0.00809325584639207,0.0181652832135645,0.00230172236273293,0.00320934617037821,0.285674488612657,0.000968949304653766,0.0269487009131914,0.0715909851886805,0.000525218525405113,0.0901590940104222,0.00170120993410961
2019-04-15 00:00:00,0.0026004139865107,0.00817522748652808,0.0241415351590177,0.00323360538855306,0.0164812676455282,0.000336532132978695,0.102879118272095,0.00277722884663879,0.00273358160968325,0.0347757828112316,0.00239437193001771,0.00842381995362296,0.0180232442007668,0.00237037078863196,0.00312950366375223,0.291374501614984,0.00087149305717211,0.0277598040017155,0.0729396622288876,0.000519734393636863,0.0930056487345314,0.00166930519105786
2019-04-22 00:00:00,0.00258350995682504,0.00791153752727119,0.0249350567662847,0.00320428141339224,0.0163846824072098,0.000329402761679971,0.102397482464448,0.00280448820748685,0.00268477283694583,0.034961178724597,0.00246514948942676,0.00821168083298762,0.0188946727387416,0.00252502330449659,0.00306221014099594,0.309549817563724,0.000858589217717405,0.0286393942181454,0.0726712946278284,0.000583092245359463,0.093250273270994,0.00157297802952849
2019-04-29 00:00:00,0.00216695794263027,0.0066310677174286,0.0223763908800513,0.00377446368122886,0.0183643486931686,0.000266700161577289,0.0961903673953085,0.00259448111539908,0.00267313514793377,0.0310089071451878,0.0058551080569801,0.00766802058393267,0.0187002208724611,0.0031655256339407,0.00435028463420314,0.281664284498095,0.00117406804274848,0.0309857958850328,0.0643878564081065,0.000620657080319303,0.0752356151974104,0.00142675572380225
2019-05-06 00:00:00,0.00210658574232682,0.00658774773892511,0.021429758692678,0.00363792456556875,0.0176357964960825,0.000302903893025137,0.0986408097650378,0.00249408385611778,0.00258082324455462,0.0316165692640012,0.00290875409374164,0.00749101877535664,0.0203620248014684,0.00269128383491881,0.00411185117393119,0.305978446817277,0.000800800418407212,0.0299544995703733,0.0655049643597708,0.000564831974595164,0.079334580530349,0.00134051216868088
2019-05-13 00:00:00,0.00252240628725253,0.00678597366748185,0.0218934568928699,0.00319835172932916,0.017192461844072,0.000334055458334711,0.102220783714102,0.00270922241095037,0.00264713690603698,0.0344147694992191,0.00291385275313363,0.00810826745565234,0.0185435444041753,0.00215098138630095,0.0030591334564187,0.300310198774556,0.000883715812300063,0.0282483451266366,0.0729893300064086,0.000523172196636252,0.0933110318735391,0.00150904773309526
2019-05-20 00:00:00,0.00262248302251353,0.00655183949747545,0.0221069477102161,0.00341010154102927,0.0175979918020541,0.000346895374974287,0.104614355583548,0.00274404252387126,0.00268441308049424,0.0361035760652684,0.00341495148532896,0.00830664883114176,0.018979821765442,0.00219898339911331,0.00301570158342721,0.306870618942715,0.00092382112093215,0.0284666858882825,0.073943183474735,0.000522239515040157,0.0960136633345437,0.00152704848789989
2019-05-27 00:00:00,0.00257425525303207,0.00695144063347225,0.0228573774541425,0.00357696623314705,0.0182478485178889,0.000360711063119491,0.106680062854417,0.00281738516429918,0.0026911499636376,0.0370713748479313,0.0036924872105922,0.00852885544692249,0.0211663768995378,0.00222835371827464,0.00317749013954893,0.325892916063421,0.000958532360710791,0.0303262274167965,0.0757990051882219,0.000547889732616949,0.0982646774653324,0.00159567945756285
2019-06-03 00:00:00,0.00265132320610637,0.00690181560124074,0.0230358387650422,0.00352551037133186,0.0183324549505391,0.000336246704847562,0.104571368523138,0.00286507637900776,0.0026475244896345,0.0362799431500516,0.00311862562923353,0.00842280961716107,0.0211450427154394,0.00242674670611448,0.00295479844424817,0.335567367718509,0.000824532514200304,0.0311334963413371,0.0746330810374428,0.000597664724907924,0.0956579215102365,0.00141770510613752
2019-06-10 00:00:00,0.00260730633270213,0.00664696996364758,0.0219909806954733,0.00378867700691102,0.0190065462330358,0.000344627999920424,0.10527392003063,0.00285413245774356,0.00272594085108958,0.0347741741485622,0.003296140252935,0.00858883764581664,0.0208219106269829,0.00252885982270363,0.00332197755465241,0.32181143151173,0.000867373594410864,0.0312733855828409,0.073321619398344,0.00060450844426598,0.0924879529115459,0.00141634842168328
2019-06-17 00:00:00,0.00270115874839212,0.00679475812352947,0.0223832433940093,0.00366865565552591,0.0183034822003052,0.00035282840373272,0.10767054834186,0.00291044993686624,0.00264948414495729,0.0362075263487386,0.00234314479518986,0.00848458398264414,0.020700351699883,0.00261861203648747,0.00311196280113604,0.332621342500399,0.000776867667041333,0.0319881773989649,0.0794631791799719,0.000619552567436332,0.0980175877072247,0.00146120945430349
2019-06-24 00:00:00,0.00262931476940425,0.00632269223054076,0.0216544325051915,0.00363419587038821,0.0183072206196902,0.000373088224916039,0.10678188987579,0.00287602030027196,0.00272036337055548,0.036132667515408,0.00271786104145099,0.00853402759386534,0.0199130827853591,0.00261303455595337,0.00346403749128307,0.311576724583116,0.000828120190868183,0.0314813200868608,0.0767664824160071,0.000593654968632059,0.0967691063753461,0.00152738550712698
2019-07-01 00:00:00,0.00275198794581125,0.00637746204385603,0.0216441550171995,0.00359063655768574,0.0183806240042795,0.000369645262415044,0.105432112926781,0.0028903012756891,0.00274034580859943,0.0355485105704482,0.00347984369974118,0.00838867827689676,0.0196226593398522,0.0026116602003344,0.0033278441932937,0.309867212901125,0.000887675932702901,0.0309011945360559,0.075191143103295,0.000598311056659452,0.094841234043804,0.00135534621301596
2019-07-08 00:00:00,0.00277790873476887,0.00639100010163161,0.021627506464749,0.00368531409083837,0.0184141877230098,0.000373200113472089,0.10476794825429,0.0027994452074228,0.00272011278133308,0.0358230931908461,0.00299522862938954,0.00838411621804021,0.0198834372886452,0.00275210644084648,0.00323820269913856,0.307290005132285,0.000828191425015018,0.0311452646848809,0.0756489486719247,0.000629208637096934,0.0951995334065953,0.00137957844772148
2019-07-15 00:00:00,0.00272541543415984,0.00640080556579729,0.0216659877274416,0.0036993557525137,0.0183416095139285,0.000373851836165881,0.106358033132106,0.00280682152336617,0.00273501353201386,0.0360898255151597,0.00406467594614267,0.00858212142191761,0.0197970840317179,0.0028382227077034,0.00326015390441581,0.306563719437572,0.000937029114878207,0.0316759743239388,0.0770844864000359,0.000647190258693819,0.0962910207999021,0.0014126681863108
2019-07-22 00:00:00,0.00261420784359195,0.0065206040464197,0.0219120722918655,0.00377412611974687,0.018153054289111,0.000370741341490966,0.104439776254207,0.0027565796284266,0.00268243136012841,0.0363107298845963,0.00324999295514442,0.00845838298137364,0.0190728127526038,0.00290345422460017,0.00336481464428697,0.316099548150578,0.000897688763180244,0.0324452737164421,0.0765202426660064,0.000643457665083922,0.0971449848950807,0.00144874992453981
2019-07-29 00:00:00,0.00266707227064446,0.00611299581544207,0.0219824585725362,0.00358265332208496,0.0183147848447996,0.000362183686387164,0.104869863090224,0.002641374058846,0.00278802375591162,0.0346738587900877,0.00351174831106565,0.00835522150551558,0.0193452467955064,0.0027658647112194,0.00317456794690898,0.29751377347292,0.000851634007998411,0.0310413139297748,0.0763885378312066,0.000625210260755093,0.0948008900939073,0.00146726763972056
2019-08-05 00:00:00,0.00268336977019013,0.00607959730377725,0.0219571877795694,0.00370819183598152,0.0183171681818802,0.000358303981642995,0.105402449439992,0.00260551678334713,0.00279421870179295,0.0352269648379738,0.00464484059740591,0.00835736405961581,0.019623952950954,0.00284372715459116,0.00355606163428271,0.299713794780246,0.00105014318287139,0.0312460549775061,0.0773065914405647,0.000648232225774888,0.0950542234517051,0.00140083047946851
2019-08-12 00:00:00,0.00298312411945755,0.00625088550335863,0.0223022352406745,0.00365722981733485,0.0184485414632631,0.000370572077403915,0.106873022008869,0.0026590080065701,0.00278474145246105,0.0354938976703832,0.00373205938721307,0.00862854130430269,0.0198759721977583,0.00289564852669781,0.00366630006822918,0.301670701410697,0.00109523279549032,0.0314417630833414,0.0777963559175415,0.000667273938389587,0.0967983861845775,0.00143240192969685
2019-08-19 00:00:00,0.00259932459283273,0.00644932631298906,0.0226387938772247,0.00374310648766129,0.0187393418469041,0.000384351881647224,0.10829359191256,0.00256941020767163,0.00279325934833297,0.0357621677833732,0.00280296916820062,0.00869046320944668,0.0204637942268716,0.00290032900872982,0.00358225489087178,0.308967049614895,0.000968743495358176,0.0320206602181452,0.0799837399489235,0.000649482292404555,0.0993320677436943,0.0015233370091759
2019-08-26 00:00:00,0.00252821006438319,0.00625798951964337,0.0228827619620377,0.00356961442231343,0.0188389331250681,0.000364543754737552,0.11583753915308,0.00244994386488049,0.00283039636406913,0.0344146059449056,0.00251132986101021,0.00904815619800763,0.0228732786344096,0.00273079118896202,0.00351418813152219,0.306700579867476,0.00105986747125445,0.0309489960593081,0.0816417373215842,0.000624509487058362,0.100891616804354,0.00165749283472925
2019-09-02 00:00:00,0.00261992108804313,0.00600422484129532,0.0230822720932951,0.00345967142399799,0.01783303025669,0.000363917370236432,0.110476595489644,0.00250706836628585,0.00280195076757614,0.0338358812955106,0.00320360876871731,0.00817793183347227,0.0179626376603388,0.00266870844988989,0.00304012283032862,0.306037412913757,0.00107570737296575,0.0289440821385127,0.0838802986483842,0.000592008226088091,0.100397632012337,0.00149383607833923
2019-09-09 00:00:00,0.002686286666993,0.00607053362471335,0.0247144052916539,0.00356837807193128,0.0179404874029229,0.000385755252227209,0.110941580508782,0.00267151982871575,0.00284315592592285,0.0346996845391978,0.00271704144748196,0.00862292482540398,0.0186807603648678,0.00278681475834196,0.00298417923147058,0.302571806356682,0.00118143225547766,0.0291473249491863,0.0886663729228702,0.00062088875402648,0.10054098393469,0.00152055837606787
2019-09-16 00:00:00,0.00314828992070946,0.00579331463382392,0.0254923904867376,0.00346739561632763,0.0181582130742146,0.000379962107979981,0.112167512063453,0.00258260642362716,0.00286550496770015,0.0340321098580025,0.00261267965773409,0.00825139685390158,0.0216290448202183,0.00272306177385653,0.00287799998470397,0.289030076098892,0.0012199680238281,0.0286173658416286,0.0919925748470545,0.000591837839492585,0.0988409232802561,0.0014893208335583
2019-09-23 00:00:00,0.00280021850385516,0.0062250174713061,0.0254472380389283,0.0035449499150491,0.018019915954195,0.000393025080302163,0.111820803739362,0.00258050498894924,0.00286598772972075,0.0345459390345189,0.00295464555491608,0.00840434722113478,0.0202035053689113,0.00262994549941211,0.00289307919840632,0.290820555240009,0.00130811468923691,0.0286887862229118,0.0945686781822865,0.000552989695717053,0.0995059705602847,0.00159143919979866
2019-09-30 00:00:00,0.00272950937158415,0.0061792252637476,0.0243329732596694,0.00349100579464692,0.0173031558001754,0.000406315438849825,0.111993788019419,0.00280192305984836,0.00283397518927169,0.0334960429951307,0.00475342960403248,0.0084295936383561,0.0179736227510025,0.00254623962794733,0.00283980504213056,0.294017172559717,0.00157239226903252,0.0280486193179753,0.0901834728774653,0.000529391494675933,0.100603431773707,0.00166648344064625
2019-10-07 00:00:00,0.00261935222763459,0.00626596701065193,0.0242886997166515,0.00351228619175332,0.0176321069322682,0.000425078928263008,0.110522456918861,0.0027729259196643,0.00287421155774583,0.0331784431160335,0.00490346364825293,0.00849950473974662,0.0187394191524738,0.00253468484466826,0.00284816430929571,0.292470920900065,0.00154107356461863,0.0279163735599784,0.0889312788262018,0.000501755170250475,0.101389301706203,0.00164844242420656
2019-10-14 00:00:00,0.00263760189215378,0.00699567708135126,0.0241075856218019,0.00364575760180507,0.0174762382066702,0.00042344751885902,0.113000401897479,0.00282416323535228,0.00287222068525283,0.0332511652640419,0.00424133263828832,0.00897739709108791,0.0180495818336482,0.00242687356897077,0.00287387974566366,0.298369074217635,0.00154378336328966,0.0277245308744721,0.0904829980284566,0.000494538257463339,0.105036082395261,0.00170222363252449
2019-10-21 00:00:00,0.00247844269674092,0.00727981882771375,0.0238951429361943,0.00356678632624928,0.0173150328367506,0.000413271948339226,0.112157543906761,0.00277477853712307,0.00284105800053596,0.0329927389540473,0.00404603357692608,0.00891095172163393,0.0177732929732304,0.00242045853538221,0.00294181826948739,0.30094772416319,0.00150200269194345,0.0277515459081619,0.0910566734675168,0.000447337988775057,0.105630966156573,0.00173015114944023
2019-10-28 00:00:00,0.00243776837155324,0.00819089389065893,0.0233259937255544,0.00360941564734431,0.0172701954703484,0.00041985079876666,0.110188351145933,0.00265677084715933,0.00277706544765163,0.0327840867833271,0.00485296884466783,0.0084712145203502,0.0195524323085403,0.00257350262512891,0.00330731077867133,0.288613441937244,0.00164436059526023,0.0283014087605752,0.0944809039396345,0.000477293361423475,0.102618135594843,0.00183002689852999
2019-11-04 00:00:00,0.00251753599037635,0.00686078610761273,0.0230057559709377,0.00353192410451849,0.0179491434012029,0.000409569611917409,0.10764331491721,0.00265147287678002,0.00288160992506083,0.0301737531989951,0.00411460517524526,0.00872193097655159,0.0185000019141514,0.00230147899962916,0.00303879654037841,0.290146280618324,0.00155968514001085,0.027050693347057,0.0895609671181457,0.000423351248193096,0.0951648842749389,0.00177720710784246
2019-11-11 00:00:00,0.00283920697722835,0.00704388111396039,0.023701945636502,0.00344719959646933,0.0174794012120031,0.00042462632084065,0.126382813455459,0.00272648512934355,0.00283939688166522,0.0317468401664079,0.00359817362378075,0.00876962411941115,0.0181520155981903,0.00227681855204137,0.00281177935070332,0.292714005638445,0.00156188260563748,0.0270637967532011,0.0945337233143998,0.000426688140440949,0.103188455249505,0.0017818733311484
2019-11-18 00:00:00,0.00264553158082653,0.00737062526219734,0.0241472172825509,0.00334288780221733,0.0177850930969528,0.000430784650436281,0.113635288226144,0.0026874462029642,0.00279156809277933,0.031775190185912,0.00364635509233511,0.00957091232618022,0.0191885411438304,0.00225872337212821,0.00296503223125716,0.291059205504767,0.0014942494969066,0.0281141581935274,0.096788784243817,0.000415727941513041,0.103332864009142,0.00186168745304421
2019-11-25 00:00:00,0.00278582247543899,0.00639138858527625,0.0247981017037546,0.00337944728488964,0.0183459627096593,0.000438820570298152,0.125369452688686,0.00255643205492857,0.00292388197737094,0.031195575354984,0.00473645299998809,0.0106963381335936,0.0231306918069521,0.00227725718146148,0.00303978533203035,0.292425269369772,0.00187869690307369,0.0271880062121704,0.0951285699259519,0.000458666547707621,0.103947769614856,0.00204247052387849
2019-12-02 00:00:00,0.0023657424603982,0.00597562755325953,0.0242396851259218,0.00321396355512211,0.0177654270487999,0.000411174316722526,0.113323644892495,0.00252896801842611,0.00271384939917436,0.0298609328398335,0.00399232379866648,0.00828920863297076,0.0181672570862477,0.00209832428416175,0.00270879984435736,0.288253498356291,0.00152402852394362,0.0262160912927493,0.0927752103664346,0.000400736834858518,0.0994773751547816,0.0018125298929727
2019-12-09 00:00:00,0.00233193126603075,0.00617360133644567,0.0245270152064624,0.00327341295307073,0.0185623196790954,0.000447666460296937,0.115904696205709,0.00247339688680602,0.00275010728505108,0.0306473099023657,0.00384393456149265,0.00980938491921894,0.0188738824170309,0.00212916821435838,0.00292439501213686,0.291987748257996,0.00138620691179917,0.0263005281784522,0.0967497045514431,0.000423381745635792,0.103168912069606,0.00179030144032467
2019-12-16 00:00:00,0.00221178309574581,0.00599106253267438,0.0247099444397298,0.00336904215099682,0.0198462861201668,0.000435771374980599,0.117906532347053,0.00231470031093356,0.00273068992477539,0.0306114945032513,0.0042059407903321,0.0113946327881604,0.0220340708162153,0.00218744632381851,0.00305747941306123,0.294571584634949,0.00134052666074847,0.0265465768469322,0.100437233056774,0.000421377540888838,0.105001405924149,0.0017338973924461
2019-12-23 00:00:00,0.00223330877530076,0.00612453736309491,0.0251288232318433,0.00343866874447867,0.0221525531539833,0.000418696591681873,0.127653760890484,0.00220431287805262,0.00301268413553515,0.0308998397004819,0.00374401063910879,0.0150158143077773,0.0265835895631681,0.00223861861644854,0.0031562320469566,0.302811703265936,0.00138251084590219,0.0286381076578607,0.105571224759478,0.000461930151223312,0.105862641335412,0.00170193423102714
2019-12-30 00:00:00,0.0019890922553024,0.00404688779444694,0.022186965085624,0.00421649452386211,0.0165087125855013,0.000303530720002861,0.106749044397663,0.00215848691511653,0.00243645093487659,0.0253640519889158,0.00687321862898846,0.00990564991503835,0.0217283325365444,0.00325013609496974,0.00482929824056762,0.271830558908991,0.00196371662930664,0.0260491618721101,0.0813689234377149,0.000533976056204218,0.0682223142808228,0.00187528647567165
2020-01-06 00:00:00,0.00230138211709032,0.0057822298221643,0.0235743046952824,0.00371455174297925,0.016975785518286,0.000348749406751075,0.110089529794407,0.00203560674298228,0.00283868249630327,0.0268009554116045,0.00552816470568294,0.00882481322322388,0.0192198559465863,0.0026531382116104,0.00421978078598943,0.282019848762647,0.0014457948256281,0.026524208264585,0.0816791788183042,0.000491698948049632,0.0811750575023669,0.00236346758207497
2020-01-13 00:00:00,0.00270599261765511,0.00596379156428594,0.0244828255161517,0.00326671351212141,0.0159886160752484,0.000404531377202449,0.113953651066667,0.00226907341080051,0.00291482554533075,0.0295438195161112,0.0035981349025195,0.00890915872748085,0.0172555393530745,0.00226197868264381,0.00304353288140768,0.298218036250286,0.00129912648629945,0.0259052262009806,0.0950160809024644,0.000480410681688787,0.102938544927082,0.00221759047636974
2020-01-20 00:00:00,0.00309032116300614,0.00594208538855001,0.0252206244955402,0.00336029007531832,0.0163641883018335,0.000426263927392488,0.114932538931113,0.00232778294565856,0.00290533074184967,0.0302657938230312,0.00373488644710124,0.00916190512125651,0.0171791061850518,0.00228661242278641,0.00322752107330782,0.299714522776722,0.00134056075371274,0.0265716295330822,0.0979674878156514,0.000472129103096951,0.105382428219751,0.00229750507233554
2020-01-27 00:00:00,0.00257981395597934,0.00569794906422811,0.0266419359346126,0.00334914442143232,0.0163805678841079,0.000441708301830834,0.113591224095125,0.00234484694679511,0.0028731688458749,0.0296982227361135,0.00370922379454446,0.00899791238421836,0.0166128167393187,0.00229717685370173,0.00310042282291367,0.297996880314368,0.00140691600083332,0.0266819538319484,0.0978523561975761,0.00049200739003611,0.104289396172646,0.00238229921824345
2020-02-03 00:00:00,0.00263399517696211,0.00594102182895097,0.0267760741013204,0.00334477420989433,0.0161044808409422,0.00045168062111629,0.110423527154939,0.0024134957717262,0.00282732562903707,0.0294927888070897,0.0038434651184363,0.00884526165492325,0.0163169817889322,0.00241568889710006,0.00313998790292529,0.298104152847654,0.00143696154643148,0.0266306311868207,0.0978908993052489,0.000478178735927579,0.103476299404459,0.00225564234775788
2020-02-10 00:00:00,0.00282002381161585,0.00609936548094404,0.0265363009942695,0.0034963578754409,0.016947492433181,0.000492446951595196,0.120863939199437,0.00250909023655174,0.00289900212654999,0.0313087224181251,0.00513150055124484,0.0100490552719004,0.0180589683726559,0.00255893868622594,0.00336051310963619,0.304577123686404,0.00168501692695313,0.0266147374782289,0.101765506803994,0.000511540043085317,0.110183547636088,0.00232344862402279
2020-02-17 00:00:00,0.002713437918446,0.00636060541518387,0.025876247661161,0.00375125064683401,0.0172226135609636,0.000483906663374615,0.11951480587386,0.00246017063997705,0.00282490029038833,0.0315951961949019,0.00553591287018559,0.0101572408565194,0.019830936270314,0.00273874916540791,0.0036248750223494,0.314202544540499,0.00167129054226023,0.0268031140471064,0.103652833096318,0.00055202255733937,0.111482471291341,0.0022405226834157
2020-02-24 00:00:00,0.00250231469312894,0.00613480482599358,0.0258448210110435,0.00359165745508038,0.0171405261190206,0.000470121299927113,0.119595361199865,0.00232766736542447,0.00294109640776858,0.0293464383531065,0.00449565668251381,0.0100079532954547,0.0180581046090578,0.00249505060743429,0.00361114948443911,0.304592450505121,0.00151159316610724,0.0265163743416248,0.100076918368212,0.000520792955125073,0.104061814510406,0.00236338324615548
2020-03-02 00:00:00,0.00231249622219292,0.00623465809734339,0.0257962423778491,0.00365233076195358,0.0183236512301374,0.000529711401100828,0.128965139417,0.00229722989275614,0.00286014430078382,0.0309928404574172,0.00396899373393425,0.0135807100160767,0.0213814012868652,0.00242021705498443,0.00331448134928591,0.322461708354287,0.00157280981142949,0.0270035923854183,0.103463466659785,0.000460735807044896,0.110802464828944,0.00201727161052694
2020-03-09 00:00:00,0.00239018823536622,0.00653781817728096,0.0273797587734546,0.00346747213916964,0.0177478637291358,0.000444612950874043,0.113787384921312,0.00218346298890056,0.00311032568302248,0.0279286916421466,0.00346580946962703,0.00985774099052453,0.0188282210523968,0.00213758842470193,0.00304724500825402,0.308514606431728,0.000992361797316013,0.0262173260354988,0.0969170580232006,0.000394002297675224,0.103628599975723,0.00197096878296127
2020-03-16 00:00:00,0.0015562586918916,0.00714784155568285,0.0320499707910071,0.00250362764370583,0.0177301033953851,0.000396294766287018,0.108714832066409,0.00160820451911707,0.00330319534996631,0.0226740512803634,0.00214907595972366,0.00843220339343067,0.0141047028416294,0.00148919768700596,0.00203478002464997,0.31969422009256,0.000252952498143026,0.0262779630898789,0.0839334731005892,0.000255093814978218,0.0891759961282815,0.00143563957416341
2020-03-23 00:00:00,0.00112378826707123,0.00692859590372201,0.0300437080682093,0.00152804369359261,0.0162107005450216,0.000348228501327662,0.101255441507187,0.00114374030158266,0.00321726556496822,0.0166397196709429,0.00160225921590407,0.00638895886929101,0.0106945172257918,0.00100956790788584,0.00150096233361813,0.308096646577461,0.000117394546494025,0.0257546756392836,0.0678549547842058,0.000164352365091635,0.0685815161823677,0.000678066869835444
2020-03-30 00:00:00,0.000450293776127753,0.00264438246805085,0.0254168604920462,0.000388229242798711,0.00747528402831614,0.000349071993332456,0.0808686024737488,0.000471389235424116,0.00243956916088832,0.0067631797185558,0.00218117425720754,0.00180100009880246,0.00625792472911096,0.000306133667516547,0.00121504110239279,0.266661679526073,0.000124314087452607,0.0176701367302225,0.0293847122973534,5.82167035409563e-05,0.0242707269652159,8.44660213972089e-05
2020-04-06 00:00:00,0.000294085805462929,0.00529943061527708,0.0216447647914664,0.000473309814852795,0.0110760492813376,0.000399320774757838,0.0885327273922244,0.000470146714625687,0.00263769552677553,0.00826432823163239,0.00165812464426929,0.00230518492985808,0.00696566929925939,0.000274419573616128,0.00105130449461318,0.290541097822335,9.87987479632287e-05,0.0205243121753668,0.0347121369444749,5.1462265434076e-05,0.0313312503904259,8.05077770847357e-05
2020-04-13 00:00:00,0.000226175418847892,0.00507399783735208,0.0211121537236602,0.000493828708499947,0.0123815295081134,0.000457274271962327,0.0924768383232342,0.000404876829069801,0.00266484317828993,0.00835138225092627,0.00149741164751284,0.00291406797096666,0.00736064424935737,0.000265727924296423,0.00111511660354266,0.29566182702739,0.000102621973455124,0.0200873917657354,0.0354457011449703,6.5489927310815e-05,0.0339884196125127,7.62719733023478e-05
2020-04-20 00:00:00,0.000235114615141893,0.0057014469015328,0.0214208448006066,0.000531125785960453,0.0144349591651131,0.000459282152976056,0.0980573172699946,0.000414393634970491,0.00289657465144978,0.00867822677265429,0.00134420757564336,0.00319228326485531,0.00569696355077612,0.000282808665522806,0.00108219285596137,0.295967960118936,0.000103887213545967,0.0215821354069697,0.0358087975458229,7.09634659646799e-05,0.0368757800154748,8.45235391121943e-05
2020-04-27 00:00:00,0.000298717395076119,0.00591983781894906,0.0211122126936913,0.000572949179106813,0.0160530383541266,0.000453309118000987,0.103936348863266,0.0005187109828701,0.00300036454392944,0.00887055214451893,0.00135168381336122,0.00326520549657995,0.00620874113210753,0.000318713994690791,0.00117935307256715,0.308635999402506,0.000141564541914276,0.0235221177011003,0.036854239787754,8.07839921103031e-05,0.0386629120553087,8.94731635043648e-05
2020-05-04 00:00:00,0.000256265843955346,0.00593452234225023,0.0207325139417942,0.000637079191115705,0.0167363422666756,0.000450689756817301,0.0992973354387282,0.00047306591047149,0.00288576486413196,0.00859199809722957,0.000891068163295713,0.00328078903168323,0.00718468197255077,0.000321352971602093,0.00115549934051434,0.31837966494384,9.24357598907559e-05,0.0236498933013815,0.0363668240982661,6.26794011716762e-05,0.0391701505015668,7.39067344086904e-05
2020-05-11 00:00:00,0.000466104440445742,0.00660753423391237,0.0221163285624012,0.000655608216597771,0.0181321693487179,0.000493453072689751,0.104649371170591,0.000589212541953703,0.00309685966573979,0.00972216396787577,0.00072930558348689,0.00398593883759957,0.00844557168822935,0.000357102475568903,0.00114068658850467,0.318072418108869,9.93972299165037e-05,0.0256094424298697,0.0433082210130749,7.04783412757094e-05,0.0446200132069493,8.78820163400788e-05
2020-05-18 00:00:00,0.00050143520937341,0.00658316908882225,0.021080404246502,0.000688897652209617,0.0188371621289946,0.000511380166553049,0.112036590047387,0.000651002131167201,0.00308280587098856,0.0123386036890191,0.000719334455367304,0.00409860473406891,0.00940594050050318,0.000413579363973277,0.00102909370057313,0.319848613632093,0.000131639827930493,0.0267712227959712,0.0485527203526978,8.41919138076335e-05,0.0482133356034726,0.000105102494824823
2020-05-25 00:00:00,0.00060224567004702,0.00715246554547673,0.0213228518341656,0.000815905223769594,0.0198447694878717,0.000527998713419026,0.109782774870141,0.000798789429044635,0.00314370564824388,0.0135637700716708,0.000713995583618234,0.00452144861078322,0.0136808850279311,0.000491647277833449,0.00117146361388166,0.33723391669662,0.000100731947853771,0.0290673825540502,0.0538354816065224,0.000103506067488092,0.0525931209163259,0.000133759674066153
2020-06-01 00:00:00,0.000781374988845377,0.00699114237700089,0.0207679122796496,0.000888454978070178,0.0207489278795125,0.000520974791689114,0.113146277399847,0.000903428238545773,0.00310980419148862,0.0142186679410108,0.000563727062864023,0.00569163278231369,0.0172574924002283,0.000552889511604649,0.00118747173718513,0.328864371839704,0.000130573807242248,0.0290009134614201,0.0591996379330658,9.88334847033005e-05,0.0555856010980405,0.000156559016353804
2020-06-08 00:00:00,0.00117140226462813,0.00795030303432188,0.0215193905753657,0.00117092890032025,0.0224755366494628,0.00051173173072997,0.111430306869868,0.00121094064129164,0.00310088501137171,0.015252620158977,0.00057349331595293,0.00708880490788996,0.0204695183683082,0.00078782769177912,0.0012468166730468,0.356848199800865,9.17330200850901e-05,0.0329036028686088,0.0671393276413268,0.000129153714318606,0.0619046159856727,0.000238027505131165
2020-06-15 00:00:00,0.00155692012253054,0.00801734636866436,0.0226748479369915,0.00144468295374093,0.022602747078728,0.000559815578846272,0.123244209385112,0.00139814376810298,0.00314488297809368,0.0181240978784031,0.000576657382642448,0.00772946612774007,0.020635793809929,0.000948796470369496,0.00134714499240657,0.364179192837014,0.000119910653359462,0.033095116102013,0.0757293949947049,0.000194851697470258,0.0702942509255297,0.000304398163878227
2020-06-22 00:00:00,0.00191622854612293,0.00783069134789371,0.0226714347311926,0.00206359432933947,0.022721187811342,0.000572795726446579,0.122121189935532,0.00159057881621195,0.00315788803960493,0.0207441693225228,0.000575984707047039,0.00797469375313321,0.0227873840727124,0.0012348081679732,0.00205607032823526,0.368298608355479,0.000135980125916464,0.0342539368416159,0.0813767557572763,0.00028778058528052,0.0777629182335385,0.000658948030480866
2020-06-29 00:00:00,0.00181813907729477,0.00758779402068961,0.021991072213098,0.00227856878621432,0.0224181079862113,0.000574597359083692,0.125287090931437,0.00170304802540983,0.00319038786983579,0.0223965942816482,0.000559825330396623,0.00800027566771046,0.0232418319312448,0.00149726935359216,0.00234932722554544,0.355065918095134,0.00021538755880623,0.0336371186138096,0.0833113865199039,0.000387523086915127,0.0804580524116077,0.000884256382946971
2020-07-06 00:00:00,0.00195837300900264,0.00770506565999578,0.0222087172849587,0.00252567173730067,0.0216922863034723,0.000574981755183653,0.124628141273879,0.0018488840020087,0.0030907383935677,0.0245583372777518,0.000522986224609061,0.00795136893474203,0.0230918424578947,0.00184225827240091,0.00236188464121595,0.362574655813569,0.000204927707940169,0.0347606451260219,0.0881160949548652,0.000448435018773913,0.0859590910305993,0.00105273915179629
2020-07-13 00:00:00,0.00194253704533013,0.0078092916760956,0.0229356209112202,0.00273985667029569,0.0220330884593622,0.000605690367231097,0.121608429761887,0.00198036479238168,0.00317926941896538,0.0255238376563788,0.000568778944487,0.00851255883432366,0.0236224882138943,0.00204535333172616,0.00248328586420688,0.35880917379278,0.000230561293053988,0.0354205161048684,0.0940387218728907,0.000506821324005663,0.0918636734084163,0.00114138765466928
2020-07-20 00:00:00,0.00199096126065513,0.00786460007147408,0.0239306551271416,0.00293787670268732,0.0224674496765933,0.000637808708982325,0.122441415548358,0.00203701243097877,0.00324038120162445,0.0273001440741377,0.000549841575466159,0.00878214614467742,0.023568754016685,0.0021847521039354,0.00291597890128853,0.358964878438563,0.000280465724567966,0.0350693289401606,0.0975836516815228,0.000529212530800777,0.0962798396694824,0.0012442744275505
2020-07-27 00:00:00,0.00201763369254106,0.00770162179358606,0.0245892996906408,0.00304875629273405,0.0219585564714359,0.000622713136918045,0.121329669128658,0.00203804444302197,0.00321492144588053,0.0279160566326455,0.000662537520989635,0.00874731815343627,0.0245174619188121,0.0022132839952651,0.00311106498050589,0.356566146678436,0.000372993150341662,0.0350255476178831,0.0978220982639686,0.000544765846443455,0.0973153766901309,0.00135015998284986
2020-08-03 00:00:00,0.00206693759962931,0.00770778234874212,0.0246741207287797,0.00320857441864742,0.0212899718293239,0.000591109700805342,0.119905401438636,0.00202966605464627,0.00310105518384042,0.0288882662181939,0.000737757346281801,0.00849578692793622,0.0238598739393425,0.00234804021830386,0.00359198362508152,0.356097307324312,0.000470189712430015,0.0349326996056584,0.0979751688975061,0.000587530200686923,0.0976065475009362,0.00133367700037127
2020-08-10 00:00:00,0.00214188338335869,0.00733927281155093,0.0249311735810337,0.00324450365108605,0.0217997150180624,0.000610416629569062,0.123624971871064,0.00200373705066348,0.00323593522267758,0.029494544050751,0.000847916462426132,0.00894487996154331,0.0257465613361336,0.00236696682518,0.00375100291784227,0.341461156405738,0.000522047720395604,0.0344414579581569,0.0988119217939379,0.000593973300900077,0.0993392940207597,0.00137184342038391
2020-08-17 00:00:00,0.00230249107929699,0.00758641492285199,0.0250488049036752,0.00345394915176501,0.0218496714165901,0.000624242448776453,0.125812471509057,0.0020352590235813,0.00318163868025632,0.0306990234687231,0.000896687151539584,0.00886796545274879,0.0260042406009083,0.00245323277803389,0.00404503648069461,0.34799732362197,0.000621132758048577,0.0346438786898535,0.101727983937283,0.000623123854989447,0.10357945800166,0.00145757244822003
2020-08-24 00:00:00,0.00216774527171427,0.00729996542587555,0.0250755840389361,0.00352343619781381,0.0220560743421684,0.000652140177824378,0.132672068932864,0.00197306520902378,0.00323729990709773,0.0309705509245809,0.00109069605795787,0.00942446586178418,0.0290356968793212,0.00233296157405502,0.00382735812974329,0.350656690863073,0.000610886438959604,0.0342972488471361,0.103900516790406,0.000594062788403037,0.105122491015207,0.00157012535506855
2020-08-31 00:00:00,0.00205401393756084,0.00723114315426565,0.0250699547669801,0.00342585544037406,0.0212116360402774,0.00065882052080303,0.134089929675782,0.00184419944898347,0.00323329117226271,0.0310556573050413,0.00191086689030227,0.00892647345896897,0.0261870597987347,0.00212817184689696,0.00394459808521672,0.350035470115992,0.000737119681552921,0.0322461597480428,0.106063817402615,0.000538102468283096,0.107410608322825,0.00162675609160474
2020-09-07 00:00:00,0.00198357346761402,0.00696876435936906,0.0260889599401579,0.00342026041764423,0.0210605664427729,0.000664670463459253,0.126765410271131,0.0017676903721126,0.00325351351872148,0.0315462177993957,0.00241124678018877,0.00864316308985059,0.0252015199508261,0.00219044789948534,0.00358265457284187,0.339126118293184,0.000844670492530159,0.0315388982601962,0.107817418760502,0.000510397098793573,0.106431340577067,0.00155174231028691
2020-09-14 00:00:00,0.00241100857033317,0.00696908919099034,0.0267865683300147,0.00344167764920717,0.0213924577379534,0.000674761899160293,0.128850482792674,0.00179997863526764,0.00330957945655408,0.0316370407207051,0.00235364330601546,0.00897397161296021,0.02636820685725,0.00218189400012501,0.00340616272528076,0.334377599720692,0.000847269145500384,0.031156268265772,0.109119971906386,0.000523043876582001,0.107836064095564,0.00158745213318609
2020-09-21 00:00:00,0.0019245623897485,0.00755127407808638,0.0268220182876169,0.00347630470003542,0.0210934177474048,0.000661292214597961,0.129667542597395,0.00180900895433917,0.00326319350103556,0.032338482123693,0.00194286123774717,0.00886998218326838,0.0236354417383201,0.00217301526914341,0.00385873979548684,0.346389418311287,0.000805409177238346,0.03165406189766,0.110894721952401,0.000535798931577521,0.111747643168112,0.00166363597609651
2020-09-28 00:00:00,0.00178200793008372,0.00735875112905904,0.0268129974248613,0.00324494514126985,0.0202979417981826,0.000640627757056743,0.128868732722679,0.00171941268718764,0.00323211959119805,0.0295791001866553,0.00178656867692709,0.00878399844944374,0.0214049058931948,0.00193741951092858,0.00362409658977897,0.33962114124314,0.000732305032413316,0.0301599066271074,0.106533441107954,0.000461134245322734,0.107456946243107,0.00170277345807441
2020-10-05 00:00:00,0.00166410203579943,0.00722635013016282,0.0270846344240361,0.0031138096672608,0.0202468236065807,0.000638206459262295,0.121628295023489,0.00165377527176419,0.00326516519074117,0.0279253325515798,0.00178829277838389,0.00863008499884079,0.0210684856510233,0.00191076239362915,0.00297568401417095,0.334107540835452,0.000670824932811361,0.029066377768052,0.103065314575924,0.000410623657481625,0.10371697900679,0.0016034271129739
2020-10-12 00:00:00,0.00157966311380847,0.00757615370950114,0.0276525442365524,0.00294831186853537,0.0203469600393642,0.000643286895384051,0.121675843758294,0.0015665161893138,0.00323953490891876,0.0268391767816964,0.00168740983253761,0.00859744578881775,0.0202705461327982,0.00174221633323067,0.00258314256198798,0.330818342071384,0.000640487471398594,0.0286462775419678,0.101502240641288,0.000360773174066524,0.100052159753296,0.00162802057109799
2020-10-19 00:00:00,0.00161700950342186,0.00808629170554727,0.0282249538639195,0.00279639646025791,0.0201688544644673,0.000665848179059437,0.122765192945168,0.00153072503524788,0.00325400896774728,0.0251756138942201,0.00168911022340285,0.00841500629086182,0.018918092564239,0.00158569742773267,0.00235361053165448,0.329186568198498,0.00060558798571323,0.0284930972087784,0.100440325809472,0.000360420654009096,0.0975857842762123,0.00166605126435227
2020-10-26 00:00:00,0.00157330663488053,0.00792100044037965,0.0282501557649587,0.00262275058651725,0.0201856971927388,0.000643774439179607,0.121545809579729,0.00152769184210914,0.00325171735574057,0.024559848889998,0.00181488846924266,0.0086646063422042,0.0172285573310842,0.001589799849819,0.00245797154167472,0.332789810737177,0.000679943349688114,0.0281591997487478,0.0999045550942,0.000361251487666055,0.0968857340624744,0.00180300012191463
2020-11-02 00:00:00,0.00146796990987981,0.00758242845288445,0.0266030184212191,0.00253605217280187,0.0202520007460441,0.000616976891706715,0.114805780559041,0.00143171221136541,0.00318733977428085,0.0238350957830136,0.00188396988204039,0.00838123025242886,0.0173820201367326,0.00149657872405008,0.00248562913782678,0.326458118847272,0.000631837581289604,0.0273465297139331,0.0941856996045713,0.000348610321003952,0.0892727516550217,0.00170766806471612
2020-11-09 00:00:00,0.00176909754625394,0.00894148619659661,0.0267819824476398,0.00228808924942749,0.0203821112488226,0.000615447114837888,0.134778765897996,0.00145225492931822,0.00323760387139944,0.0248359274654035,0.00188406921820071,0.00875860832545958,0.0196363748261176,0.00141103042278815,0.00213550890718606,0.328012610552785,0.000591228958953474,0.0283345668988746,0.0991573154904019,0.000303193828508652,0.0906833648659365,0.00173542258790769
2020-11-16 00:00:00,0.00163515266768731,0.00861715363317326,0.0262153491219799,0.00216856798133837,0.0203182380977411,0.000616182202424208,0.120087841813083,0.00147951277170823,0.00314377093436738,0.0222223930875572,0.00184135466926593,0.00869439743143298,0.0191156348065226,0.0014118052448386,0.00219340202141673,0.323835385940981,0.000531488192140977,0.028390791165612,0.100597193134145,0.000281578280024449,0.0903647937998114,0.00178405757199714
2020-11-23 00:00:00,0.00175364083970917,0.00780251764967488,0.0264041871627358,0.00218760078965442,0.0217900026489449,0.000666764175255807,0.133843913293287,0.00152812788856562,0.00331594036742262,0.0222238235282657,0.00176808431741875,0.00970130848683404,0.0212565674680617,0.00144597688398642,0.002363048316,0.331734021259375,0.000622062903114763,0.028422181392271,0.101800968592055,0.000331087422324663,0.0928314298637862,0.00197875644621147
2020-11-30 00:00:00,0.00162825849427059,0.00763462464288917,0.0254164015894263,0.00204063014041345,0.0211280242754446,0.000628742103409451,0.122575898309487,0.00156887253643855,0.00308646210713629,0.0215321753302404,0.00154077630383151,0.00816817938176576,0.0223298818641571,0.00139135281641617,0.00217561601001441,0.312769394711298,0.000589621195250834,0.0283249986587359,0.0993364166983313,0.000338094000336365,0.0887084409626295,0.00189538557853223
2020-12-07 00:00:00,0.00160605674861601,0.00711366843776092,0.0255078660650157,0.00205846683538091,0.0219251371110347,0.000661957093146627,0.123930076433581,0.00155757819260149,0.00302491516160902,0.021891896285083,0.00150503624190357,0.00884130722266789,0.0227615944314187,0.00142218813919191,0.00285105454279405,0.31527871823738,0.000568912879701611,0.0287546312891312,0.101038641492417,0.000284456439850805,0.0902684445759393,0.00191160145439319
2020-12-14 00:00:00,0.00184120690390568,0.00725769320487273,0.0256036756442869,0.00215055163619234,0.0231600140425291,0.000705506901906273,0.12736498059394,0.00161640335544875,0.00306806991810778,0.0226102329794618,0.001798767003879,0.0102733528563695,0.0251126633080296,0.00152949185805369,0.00247665787154805,0.32237297267832,0.000580952567652442,0.028825308019805,0.106841093852271,0.000305657577851722,0.0929756436597333,0.00200936748295642
2020-12-21 00:00:00,0.00155187815283727,0.00750631276105739,0.0252546940018246,0.00217788549024321,0.025108769221458,0.00077212023789673,0.134065311494739,0.00166119475702833,0.00318222120949159,0.0231586595776346,0.00184688813165747,0.0131297876347166,0.0285686933583405,0.0015456513767252,0.00254870787912881,0.325879776350161,0.000606969580833691,0.0301596816850056,0.112839981245847,0.00033178746310751,0.0953845594745455,0.00197388802752632
2020-12-28 00:00:00,0.00152759850357973,0.00567036035655458,0.0233673579367568,0.00210616444811864,0.0216996867159204,0.000634872863329294,0.124559908911751,0.00165144259275852,0.00303825625277334,0.0189594604529008,0.00293452314628876,0.0120781191662862,0.0251680375510409,0.00186905151386834,0.00448185552169778,0.322790963464731,0.000944966216061039,0.0292608651948326,0.0996708219950084,0.000427510637044348,0.073897278494402,0.00179791700668562
2021-01-04 00:00:00,0.00158666083191586,0.00695024028036047,0.023330306709609,0.00279460370982844,0.0202295417585115,0.000707928824530612,0.108089073748573,0.00162328558807281,0.0030199320920333,0.0216004797807729,0.0036489004887961,0.00847149708709422,0.0227137712566541,0.00216990445642137,0.00623412893106473,0.297613760919944,0.00102075592121472,0.0294685858826127,0.0886639659236071,0.00050924513967306,0.0781010192514093,0.00294471652685822
2021-01-11 00:00:00,0.0015793209012341,0.00708838826140646,0.0246655561913616,0.00210732780249676,0.0183818265552561,0.000759008750295516,0.118879558271906,0.00147616866111722,0.00313787653939149,0.0211729662671863,0.00229640591480395,0.00806978567677154,0.0204525483259089,0.00146894107631324,0.00243404833939992,0.309418953411403,0.000696844031256116,0.0290025939058857,0.103673693508609,0.000353571201693069,0.0878139008393692,0.00245855846506937
2021-01-18 00:00:00,0.0018974657027999,0.00687773974056512,0.0242403644925825,0.00230661066536915,0.018643723520679,0.000782189449744545,0.118877742013548,0.00156123321491119,0.00311847815116112,0.0225856033344177,0.00249786079798013,0.00846734028961628,0.0213616137202953,0.00157845958283777,0.00292376402065187,0.318222563637534,0.000861692882588308,0.0291323721190369,0.108926986753698,0.000391712627200074,0.0938216153780772,0.00254336087848186
2021-01-25 00:00:00,0.00177849141822871,0.00737511366581921,0.0252165378246307,0.00267136028190154,0.0199626266772143,0.00077895014360183,0.122278283215194,0.00170964211946128,0.00323535531268038,0.0242369004946842,0.00289011643025615,0.00911237414690191,0.0224803914198748,0.00172784215166197,0.00364538031795893,0.329811602660141,0.000988100719406076,0.0288922140809648,0.11072401524176,0.00044157547262234,0.0993303644249292,0.00277919360025934
2021-02-01 00:00:00,0.00170478262225752,0.00711188334295611,0.0246598453378038,0.00269628047944785,0.0189961365076366,0.00075350491399563,0.118543478822648,0.00173998415083294,0.0030727303955024,0.0239264682947985,0.00245314434021761,0.00841699158263182,0.0212862112794333,0.00174361464215215,0.00382354803406077,0.316755295590641,0.00100121476042702,0.0285825378186258,0.108031142056527,0.000453117350383626,0.0972319786796633,0.00258747251902817
2021-02-08 00:00:00,0.00166518535174169,0.00676504684628958,0.0249550007227499,0.00279647492124746,0.0193257103740108,0.000838447732949365,0.124127708367367,0.00183793623034716,0.00305141015726511,0.0251176965641233,0.00253596937256848,0.00897975333016063,0.0232116530284889,0.00191188079618683,0.00394059578605296,0.3197403602987,0.0010778110086518,0.0289382725783296,0.111565336373142,0.000570360864162635,0.100030571387514,0.00251810166038965
2021-02-15 00:00:00,0.00174514514339456,0.00686066758088803,0.0257784993737967,0.00282852646470769,0.0207040869115354,0.000820615613822686,0.124697303980908,0.0020012727466592,0.00303386278255562,0.0255186878896346,0.00246302141218897,0.00930544755385062,0.0236506755302215,0.00206646142167021,0.00424269181616812,0.326670416534753,0.00111470320720431,0.0302563010959354,0.115977130780071,0.000691928933777754,0.104862559571588,0.0024943788911323
2021-02-22 00:00:00,0.0015263368553082,0.00677396290585292,0.024988920901448,0.00347067851505498,0.0219405183570895,0.000847452775143078,0.128369279002392,0.00186863523782572,0.00320469163634504,0.0254757626687429,0.00352641723472041,0.0103532892125929,0.0245984117297946,0.00207783340183183,0.00491518694347249,0.330799566514565,0.00133929536626488,0.0296114617701509,0.111179934804472,0.00074973205046783,0.099505360310002,0.00290633287670553
2021-03-01 00:00:00,0.00157535364925011,0.00736170633383808,0.0242942277194372,0.00302943065709186,0.0215658711891152,0.000817525888787243,0.126733305415484,0.00188254311428163,0.00303551329300987,0.025971187550393,0.00259802133972391,0.0128136612034817,0.0257316755855353,0.00201708055603813,0.0046006147575272,0.330975187658445,0.00126167276900501,0.0283580662083715,0.114139780038251,0.000732189123045001,0.103558495270196,0.0025808035557947
2021-03-08 00:00:00,0.00157604039846666,0.00703924487432424,0.0239493815056982,0.0031005255521766,0.018742677862222,0.000826633491492441,0.121672323415291,0.00181481656059235,0.00304445738399685,0.0255347911256192,0.00264710755753541,0.00992012513540761,0.0228414588053412,0.00195698999959001,0.00477293975736577,0.319042789211516,0.00111022821558392,0.0283691359516954,0.109828074135657,0.000714235536383766,0.0988899413937453,0.00254695663012188
2021-03-15 00:00:00,0.00171581021520639,0.00807571295381633,0.0256165469847323,0.00308868730377703,0.0193850172961017,0.000817084407148032,0.120730316055419,0.00198759939324195,0.00316341215900639,0.0268028245004632,0.00237886658378537,0.00931426516586416,0.0235838020060881,0.00198769750027288,0.00455945885804967,0.33104592282775,0.0010673390918932,0.0285943079388647,0.116333535005832,0.000747101391747228,0.10772389088732,0.00255784651055574
2021-03-22 00:00:00,0.00201273114433331,0.00941309164836006,0.0255685889977766,0.00320723329949101,0.0196185610832442,0.000823395959471563,0.120815276744209,0.00199873454125315,0.00319817475030128,0.0280352613742494,0.00291912565197648,0.00947247910441981,0.0255335974900762,0.00204412539423274,0.0051788903002059,0.343206142151684,0.00118026028450019,0.0292980950764538,0.118558602467454,0.000768554129178503,0.113972311336443,0.00259735094167919
2021-03-29 00:00:00,0.00165944860090832,0.00932145737203608,0.0250936317694033,0.0031514892365877,0.0197075546493078,0.000810029774037356,0.125644031017595,0.00208157909676017,0.00319845029374614,0.0276476945557325,0.00251716528669743,0.00897862219271495,0.0251079597514411,0.00191481834507427,0.00391565561968731,0.341262904207686,0.00110342197609718,0.0289714669106857,0.117765344514603,0.000883867316071725,0.112528846074791,0.00244956046675714
2021-04-05 00:00:00,0.00151106431590379,0.010381574125037,0.0253325784310285,0.00327659139076679,0.0201264172819236,0.000817586847084325,0.129035062599547,0.00219524655692518,0.00327456248317635,0.0283670535160027,0.0031946486888583,0.00916404083518276,0.0258671405332293,0.00195788009680944,0.00390070853033166,0.347531140783541,0.00116703079161464,0.0292300941842993,0.117190221446726,0.00104795436241134,0.116513211158117,0.00226210613961482
2021-04-12 00:00:00,0.00160889226328782,0.0118915532112994,0.0260216206134875,0.00338006567787927,0.0212168056961102,0.00083106571378981,0.133823032865534,0.0023393304517781,0.00334408009208913,0.0282756268507064,0.00259863742420908,0.00970586925759115,0.0276604117397941,0.00202183000582286,0.0042429333385518,0.366986430036072,0.0009930480337429,0.0302750916891369,0.118382086696366,0.00117000337715413,0.124346162790244,0.00217294430139615
2021-04-19 00:00:00,0.0015661279242304,0.00946310810520004,0.0255916809399039,0.00327402773233856,0.0215994828324126,0.000870731643581217,0.133535399826666,0.00247666704929538,0.0032698912773286,0.0274816319523481,0.00305064343383446,0.00934195558450885,0.0247316128571468,0.00203307550138228,0.00383395904340274,0.356130563373846,0.00105949868932129,0.0301677955063308,0.118308102345161,0.00116567818655435,0.120710328932243,0.00218895537059823
2021-04-26 00:00:00,0.00157009773676334,0.00912663058504102,0.0256826024723331,0.00332302684990595,0.0208014204149269,0.000856344433448333,0.13559782754355,0.00267259345452258,0.0033124916098391,0.0276346148830398,0.00239165233135755,0.00896223100511934,0.0232120644600143,0.00224437727254523,0.00449611629802018,0.36570920320671,0.00100960244968068,0.0327724945574587,0.117310525032019,0.00127955446467836,0.119618169690579,0.00211065218381131
2021-05-03 00:00:00,0.00141398452593234,0.00869967135098867,0.023641710586298,0.00370844995915123,0.0233240623888359,0.000790289010515286,0.127674901017929,0.00224842681834644,0.00312741770441188,0.0261466795277431,0.00274039229437943,0.00869085285804745,0.0259623122080789,0.002406946831114,0.00606125428446575,0.351378720102108,0.00100950458159554,0.0323770208122077,0.102332939379669,0.00113761599801406,0.104297441133904,0.00198197149283794
2021-05-10 00:00:00,0.00146224296833827,0.00966792667163673,0.0247714659621558,0.00357460652232091,0.0225393077428561,0.000837300700470907,0.137907332872189,0.00220790736371134,0.00328954113584681,0.0281609449499038,0.00180925066557538,0.00960659253280071,0.0290009672197479,0.00191365858113982,0.00534698676482308,0.389916598556123,0.000840645646069302,0.0325099063782531,0.112737742362334,0.00116478607885193,0.122275231359931,0.00206606646604122
2021-05-17 00:00:00,0.00154554731803647,0.00937156449161895,0.024311140630624,0.00355994957888067,0.0228369318796224,0.000875174607223641,0.140432553938803,0.00237912296545462,0.00318502679019514,0.0296047299002582,0.00259757832162615,0.00944363286496619,0.0285386349208571,0.00197424770936529,0.00486650053391184,0.398568026669004,0.00094353313181629,0.0320651046351574,0.118143204857936,0.00122624185207335,0.128439677216107,0.00208066259228876
2021-05-24 00:00:00,0.00156199836866131,0.00890699716089645,0.0241684787008525,0.00353753844337143,0.022883852343789,0.000885680777262235,0.138319399761315,0.00243071114916078,0.00321853706337179,0.0296610770292929,0.00222891970378852,0.00949519064007599,0.0267388565330444,0.00204234776088897,0.00508042500922736,0.392466116091219,0.000922748856211719,0.0322367307529514,0.117652562155844,0.00129104257089316,0.128294020039595,0.00213644716229108
2021-05-31 00:00:00,0.00160681043769636,0.00882959652653304,0.0242719647495271,0.00352347937054399,0.0224201934347737,0.000861504425556408,0.136126080056913,0.00250774272492541,0.00316106232304508,0.0285020010393521,0.00246665405557503,0.00925614402180653,0.0253812942912835,0.00208423748218196,0.00565953792023627,0.383196359464787,0.000973961402486596,0.0319297677707706,0.114700810246834,0.0013893079355772,0.126337783481681,0.00200955223025329
2021-06-07 00:00:00,0.00160702714187674,0.00856995543941605,0.0247193664630312,0.00374494913294068,0.0228644590212358,0.000877407842463368,0.1333162379887,0.00254685372134948,0.00316740802330025,0.028776438462289,0.00244003568169413,0.00927990656269837,0.0262048098425192,0.00238073934059874,0.00774603686527347,0.387340347949734,0.000968307499211465,0.033088102453617,0.11425987636917,0.00146500189969601,0.125485867252479,0.00193550611015441
2021-06-14 00:00:00,0.00147687867667722,0.00940481698989267,0.0254691792014397,0.00350573567027856,0.0235081686611094,0.000841398155006819,0.133797699766127,0.00237719381626651,0.00311092767478149,0.0277268757161385,0.00217760851856873,0.00951420298132774,0.0277287724987031,0.00241054800813267,0.00961611856758543,0.405634188387673,0.000866231415967535,0.0346519704968322,0.109798001789363,0.0013577461409873,0.118405542704828,0.00191998167439519
2021-06-21 00:00:00,0.00149225720608532,0.00914078485690494,0.0253126800492278,0.00355073318896413,0.0233875478806381,0.000854792358039685,0.137988086398404,0.00232681235322459,0.00296026477661442,0.0282613014990228,0.00184041894112916,0.00909078275037593,0.0272087184914041,0.00243597948513298,0.00922501659340683,0.425924801012602,0.000691800373202929,0.0359521419916674,0.111988056119682,0.00137791039871216,0.119752681454089,0.00192196600077043
2021-06-28 00:00:00,0.00148811531130921,0.00854677421870706,0.0249095665546642,0.00313335313536602,0.0222211929802826,0.000855518126646988,0.13284735221488,0.00232045024481382,0.00312788951971416,0.0261575597661439,0.00165747910692611,0.00874534177326625,0.0249706197937796,0.00229443070697737,0.00940351298340664,0.400313032279269,0.000693163076919111,0.0345294836200981,0.108997452019349,0.00134316379639949,0.113272680798414,0.0018114510004303
2021-07-05 00:00:00,0.00151927257106189,0.00892315684269041,0.0251130795929294,0.0032772783754738,0.0223785836925678,0.000854881369811065,0.129973865132459,0.00234353234801462,0.00307784719547441,0.0268444954875553,0.00209299204281013,0.00881085938459957,0.0258796067653441,0.00240554347336409,0.0105266147959992,0.413920024326489,0.00061820511762035,0.0350025650446426,0.109100251135292,0.00142148368674808,0.114503131561555,0.00175590768362942
2021-07-12 00:00:00,0.00182101799392558,0.00888850356675983,0.0249514968662614,0.00340027213559308,0.0223769929604713,0.000870637845491413,0.132089525107645,0.00241840646221367,0.00306834394251838,0.0276081565995546,0.00189505560245317,0.00902814516106181,0.0267724325809406,0.00253660059962787,0.0106341811974236,0.417666102421378,0.000745066002319133,0.0361673786223314,0.109629361542298,0.00129074196426206,0.116072704178566,0.00181761711840885
2021-07-19 00:00:00,0.00183606138280403,0.00871110951158055,0.0248370738609726,0.00365458357292298,0.0225386442531779,0.000844335913067646,0.13178712145081,0.00245746167782519,0.00313909038119106,0.0285403941741636,0.00191609166310909,0.0089950963304355,0.0259850613327783,0.00254277154310582,0.0108499173814125,0.401557910389203,0.00113933443772879,0.0349712440781901,0.110053812747919,0.00133611896863653,0.120768079078479,0.00180655055977174
2021-07-26 00:00:00,0.00187885642753515,0.00848356392261397,0.0247261456518563,0.00361820678033431,0.0225147353822674,0.000864791550338622,0.132130538674603,0.00243269969508439,0.00314321010383012,0.0284835641437901,0.00197450838434656,0.00893639714461863,0.0248399934444371,0.00255336675034603,0.0109639813860608,0.399224464865951,0.00123322452627882,0.0348800616504165,0.111238114536694,0.00133445780175738,0.120099393707143,0.0018849179468753
2021-08-02 00:00:00,0.00190172391381813,0.00815346568577847,0.024167809875668,0.00354787468702315,0.0219834381037738,0.000820166477898095,0.131664841362192,0.00242425403366437,0.00311234677968016,0.0278814459753325,0.00247849623561042,0.00873585703850775,0.026072065003894,0.0025631527677461,0.0118507350325958,0.387783399044281,0.000933898844646438,0.0338460870722478,0.110110676018115,0.00136490767286321,0.117736191339582,0.00179149018897396
2021-08-09 00:00:00,0.00177537523232446,0.00880461065289721,0.0247422497695241,0.0037249669285587,0.0227286620817928,0.000835168230305357,0.137192165473518,0.00246356074536043,0.00321670967738969,0.0289121670841905,0.00261738171726069,0.00921925272826684,0.0266336367868072,0.00263052812926423,0.0124105707469884,0.39167284189963,0.000864919938922233,0.0347021808918209,0.112848787385932,0.00161445095716423,0.12204455680566,0.0018499334116913
2021-08-16 00:00:00,0.00191073556720765,0.00882395920282177,0.0249805284870882,0.00375686553107131,0.0224915495781968,0.000827110751980609,0.136617513540759,0.00242520820872914,0.00315589426944187,0.0292678093347216,0.00256527315677893,0.00920961821059893,0.0252106172020131,0.00264983692189442,0.0129231085335174,0.403151422152102,0.000901271358403788,0.0351606090007184,0.114023708201454,0.00141227186288402,0.124925714918605,0.0019168714429714
2021-08-23 00:00:00,0.00178625547854916,0.00870807994217769,0.0252120219597473,0.00371513362441896,0.0226646528378643,0.000849335079530943,0.143070201930874,0.00233741085033859,0.00321920113450326,0.0290878678204232,0.00239663596651178,0.00939230297820856,0.0281630203864607,0.002547806452121,0.0124974006778827,0.396157756257555,0.00090657233098586,0.0350379179903064,0.117731884299359,0.00130703430469845,0.127822643424981,0.00190593818702088
2021-08-30 00:00:00,0.0018877852860096,0.00784863619932599,0.025007368316663,0.00350198766165941,0.022696778222025,0.000885687268315509,0.146003384358674,0.00213561209596483,0.00328297136961924,0.0273165690194443,0.00277091933056701,0.00935650556407964,0.0291091322153505,0.00219418776686984,0.0102832993539895,0.37941273004275,0.000995577572403327,0.0322985554331547,0.120297385819774,0.00126444748382933,0.127000887549025,0.00193082220651439
2021-09-06 00:00:00,0.00191201970746687,0.00822319081397451,0.0268994936966211,0.00348277838568438,0.0221490535959513,0.000870960336142525,0.139496525702431,0.00213493371186189,0.0032468527399895,0.0275760734307467,0.00234898545663142,0.00885580503177878,0.0259327261866949,0.0023044820575005,0.00925365901664238,0.374366691643998,0.0010045986008709,0.0316923753123183,0.121778281750888,0.00137555844525251,0.127626220497694,0.00181580271820915
2021-09-13 00:00:00,0.002354095343323,0.00832277597415926,0.0288571822159731,0.00349461180749646,0.0219064940622708,0.000877427736591765,0.140545153853291,0.00215870300935455,0.0032851192598753,0.0274732481669705,0.0036754941123382,0.00898213065164276,0.0268454877011866,0.00229447999858792,0.00907815553989704,0.372992990175112,0.00120385856837533,0.0315819428488058,0.122430221329639,0.00137466197390311,0.128156393653729,0.00182958276352278
2021-09-20 00:00:00,0.00185764231675899,0.00802250929904461,0.0284187949193831,0.00344064423226259,0.0216063170342911,0.000888121359116748,0.141498986562319,0.00215943299316763,0.00322907699380426,0.0268088988633975,0.00339938093672308,0.00881155776731912,0.0249851815838465,0.00225406194746355,0.00801600347839468,0.366475361716837,0.00120517766193231,0.0310128116092726,0.123223841801795,0.00123866727019917,0.124766400052707,0.00188174458932428
2021-09-27 00:00:00,0.0017184034118279,0.00879734200526217,0.0275097261496594,0.00334152332818919,0.0208110391883457,0.00084187795133273,0.141278661685913,0.00218955964699513,0.00318697057497248,0.0263325841541923,0.00434862482630821,0.00878029179457282,0.0225454295848695,0.00215423119530564,0.00859920368024547,0.364275517330694,0.00134813440773186,0.0307475531597214,0.122860741479791,0.00119278050965739,0.124759824542192,0.00197831269944777
2021-10-04 00:00:00,0.00164560003340884,0.00866602631041908,0.0268505251630492,0.00326425444228716,0.0203797414016301,0.00081513226851587,0.134178926216698,0.00212652216429136,0.00314120878503504,0.0257864201463544,0.00369103214374393,0.00900247890271135,0.0219787803603469,0.00212038555449895,0.00861971841609169,0.360094333625317,0.00113575505990945,0.0297248818436732,0.120032003146069,0.00115871007964372,0.122449164312847,0.00185658367067242
2021-10-11 00:00:00,0.00176517350280199,0.00851995329618562,0.0271224529309623,0.00323589824143894,0.0205402095280289,0.000837484477857966,0.137675081816857,0.00210566492472188,0.00317020396489898,0.0252799629672591,0.0028214781530219,0.00899425656896199,0.0221532578002599,0.00204246628320555,0.00794619836490713,0.364041029712592,0.00100512604792368,0.0292501324912067,0.119184379397414,0.00120622359475548,0.120739413197502,0.00189011198468556
2021-10-18 00:00:00,0.00164320084804796,0.00895542352349765,0.0269409949467078,0.00316523680726741,0.0203904232017796,0.000821051866567094,0.137300676282273,0.00211438156299282,0.00312037565788125,0.0246396698248916,0.00241874053000534,0.00879538942058126,0.0223925132449168,0.0019749756316969,0.0073008416152453,0.359173842156455,0.000841523307485583,0.0291145966026285,0.120073609119337,0.00116893374389512,0.118780098579794,0.00187121990699459
2021-10-25 00:00:00,0.00146916948782512,0.00956945824518172,0.0272420384565633,0.00244868815028892,0.0186446722498137,0.000845345125372015,0.138305042789103,0.00203491909709544,0.00319547377653924,0.0216452333141449,0.00162562289701194,0.00764258688278092,0.0200771064723393,0.00192755856624789,0.00611684966775348,0.370799727773525,0.000583170829604371,0.0303814629228375,0.115721583324358,0.0010509155253138,0.110515423428489,0.00147572806489205
2021-11-01 00:00:00,0.00136263406503103,0.00861470057051211,0.0242260014458917,0.00176801102620214,0.0161875224910093,0.000750507924918604,0.122981867417233,0.0017317316680251,0.00306592380667062,0.0156610401707638,0.0012117010307616,0.00531950348744711,0.0160849997962986,0.00192202224020419,0.0052657432487959,0.351339061621147,0.000621349320713479,0.0290185341934309,0.0934410876601628,0.00101773027321953,0.0824955235162516,0.000905302882099806
2021-11-08 00:00:00,0.00177390613794099,0.00998717118037135,0.0246420441294573,0.00249548371681172,0.0206065277828027,0.000787491516097206,0.149879728871036,0.00181638728997047,0.00318690422118023,0.0208606195932036,0.00201492420342587,0.0092240097786183,0.0253053066723603,0.00165577673122801,0.00552741124326196,0.358390274059426,0.000796408014584677,0.029457362222176,0.118668110883382,0.00102622650362542,0.107612311557534,0.00189868032378158
2021-11-15 00:00:00,0.00155935360299854,0.00952007160419271,0.0247904555552373,0.00259297455314032,0.0205844466706249,0.000803609364955449,0.140569336963759,0.00198193883832063,0.0031167762445412,0.0217556429452001,0.00211394845032239,0.0092862548890786,0.0237223499052128,0.00167980016345858,0.00582509734817867,0.359905181473148,0.000808039217707185,0.0297447347211989,0.122822937930817,0.00101119908005991,0.111345609719149,0.00195114568239766
2021-11-22 00:00:00,0.00159225945792619,0.00915285952826733,0.0254319777438664,0.00266185308413143,0.0210143809180761,0.000816274200386696,0.151170622038683,0.00208136063610512,0.00310306641820441,0.0220229902380658,0.00246461105071115,0.0094999668878579,0.0261728876544896,0.00168551353764865,0.00541174665205443,0.36387111505581,0.000889537149742343,0.029774562396394,0.124325453115432,0.00102523830570388,0.11309790044738,0.00210557716448128
2021-11-29 00:00:00,0.00143812170280794,0.00845044707856514,0.0258022168919279,0.0025943182240143,0.020285441572397,0.000766975136468236,0.141855601645034,0.00218677069167057,0.00300995219729243,0.0212889533192524,0.00271643266035765,0.008215453667673,0.0232750891719228,0.00163288454891461,0.00494585393765779,0.352376375970836,0.000946981976901702,0.028644611533895,0.122789826466606,0.00097693213251203,0.10970532190309,0.00205522865044301
2021-12-06 00:00:00,0.00141278246286635,0.00842493464268378,0.0256768632251875,0.00266701477269415,0.0207826367852788,0.000809154008495391,0.142623704607389,0.0022288574411273,0.00294815873348535,0.0216286517697539,0.00275465495833951,0.00881548442159563,0.0251696596834399,0.00167220438784221,0.00580821951639597,0.347516594901926,0.00092648351956022,0.0295133801991151,0.12417402318801,0.00100022726984955,0.111039014397006,0.00206955524570477
2021-12-13 00:00:00,0.00150349621303752,0.0086397680837055,0.0263856686216649,0.00286143407769874,0.0222175990488899,0.000810058639189156,0.148512948516284,0.0022606503053889,0.00301481802653435,0.0226421869200502,0.0055981817079677,0.0104475362856326,0.0289031032541032,0.00172622064950847,0.00573836676800632,0.360368301697472,0.00125849388333698,0.0297465896323017,0.129605709251665,0.000960783191768396,0.117326666382768,0.00216832347879993
2021-12-20 00:00:00,0.00127544208488884,0.00815623752830559,0.0255487980366123,0.00291679093665817,0.0235767903175244,0.000827388311515499,0.154169113781973,0.00217679212999337,0.0030418152582025,0.0224385687197982,0.00390911631189351,0.0126950748955444,0.0330474998405305,0.00174583914648168,0.00458680459233837,0.354936266860537,0.00104616725026183,0.0318169078195555,0.135282375846691,0.000934330918349507,0.116489512419425,0.00205280322912264
2021-12-27 00:00:00,0.00132218665218071,0.00668507797931605,0.024891065388194,0.0029550587611956,0.0226932350956808,0.00068764776791687,0.152142628901011,0.002028948619707,0.00313818457541385,0.019594286197218,0.00380061679509308,0.0137856266541973,0.0303923926774142,0.0019576824739608,0.00519869563295464,0.370085170444307,0.00126539482505582,0.0312253088352287,0.123421846695374,0.000995024013193966,0.0964113635111431,0.00196537116232306
2022-01-03 00:00:00,0.00143013150850302,0.00722423881882226,0.0232990212525557,0.00384226999730542,0.0183982084507909,0.000688420512033997,0.125830434696348,0.00194837223667163,0.00290223497621048,0.0215798111337247,0.00459573401133635,0.00840443947604816,0.0248462810312713,0.00237040550038018,0.00734811258247841,0.318818611073776,0.00143836513818132,0.0297772367385207,0.101329260061527,0.00111365815668595,0.0914411378971417,0.00317894141740451
2022-01-10 00:00:00,0.00148663723618974,0.00769986671159776,0.0261136408501578,0.00281310973675075,0.0181356773219058,0.000801192996625204,0.140881335951352,0.00193829201458527,0.00314487721862989,0.0214466935457199,0.00277553701240082,0.00864196557126641,0.0236643749916451,0.00167872629586137,0.00482299522522743,0.350665182714005,0.000878619530064438,0.0291227935267951,0.124344992314069,0.00104222761741878,0.109096972750658,0.00276798770814433
2022-01-17 00:00:00,0.00167231753397457,0.00763367180492286,0.0284171019445916,0.00286018698084806,0.0184467521065064,0.000805331536080921,0.139051091317255,0.00190681304518194,0.00308313585835091,0.0217494152152511,0.00243691541399528,0.00839286025541878,0.0231279290347946,0.00172499972914576,0.00459448484588383,0.357018525103952,0.000829380686618865,0.0289226120474528,0.125161913933088,0.00102060076162788,0.111940486088292,0.00273469473325779
2022-01-24 00:00:00,0.00134298320915075,0.00739021488938223,0.0327880296237087,0.00281998557789371,0.018020808411816,0.000788636168250379,0.141907574250979,0.00185787834636828,0.00312281587050769,0.0207839841173911,0.00223113984588742,0.00833371498681936,0.0191708335766325,0.00171420259471274,0.00443269076401271,0.356859066418362,0.000766857240143524,0.0284973961274174,0.120601210865963,0.00096861375418678,0.107646485276434,0.00260385822999242
2022-01-31 00:00:00,0.00132676248201162,0.00730504159297233,0.0315974651672478,0.00273622451730602,0.017645826797349,0.000757577134997573,0.145470479008223,0.00182614430139855,0.0030962556221268,0.0198530734146296,0.00216965636104332,0.00795073810858565,0.0123985629562447,0.0016725378807067,0.00438391584571915,0.349498691468444,0.000799835006038706,0.0270123974872135,0.114100922634678,0.0010784318539617,0.102826518942692,0.00250288003880232
2022-02-07 00:00:00,0.00147611825056039,0.00790577012852496,0.0288783317265066,0.00301467748781176,0.0184615448932803,0.000788476214067194,0.151692912979771,0.00189395651044968,0.00309241120698841,0.0214450122980478,0.00301335537955738,0.00909873859632309,0.0134974552204435,0.00181144446301508,0.00453825630161392,0.359492113129947,0.000961901422017358,0.0281557839500376,0.121650490961038,0.00120526303353371,0.110373657092888,0.00264913017092827
2022-02-14 00:00:00,0.00166202540966802,0.00833706890788598,0.0269831676211159,0.00326470169210608,0.0193913097154452,0.000846076410692937,0.165115403621161,0.00204516613560582,0.00317296611779448,0.0239504386709963,0.00296671723011163,0.00981083443037165,0.0151345895999051,0.00197808215457269,0.00471745922673873,0.37301439691879,0.00102091741960842,0.0293679073720724,0.131140813037585,0.00129793553495471,0.120712054357961,0.00278782661402329
2022-02-21 00:00:00,0.00137463863431102,0.00864796214338773,0.0248091635976662,0.003412423866355,0.0201322316735597,0.000808869994148494,0.155506393700456,0.00204885138223613,0.00320898576000035,0.0230274717755252,0.00290807600336433,0.00989947814522222,0.0151728578671735,0.00193366139928586,0.00486823161924381,0.379616766104222,0.000868479378908842,0.0289775523073922,0.129251572393586,0.00117462551705629,0.116709574618707,0.00274801762217496
2022-02-28 00:00:00,0.00152700724585435,0.00919620719210525,0.0280890129379161,0.00276294861087163,0.0201683990280795,0.000711391992959765,0.157596914071594,0.00211370843829956,0.00366069642080674,0.0214674830492087,0.0021216667132327,0.0111373691203702,0.0139501813580273,0.00169142393834186,0.00319756038496252,0.371977316195407,0.000695908674305489,0.0280997279978267,0.134559355189711,0.001208870748406,0.114772972647921,0.00216501540461305
2022-03-07 00:00:00,0.000925377688681665,0.0081294822392874,0.0241702011107329,0.00312653569449304,0.0178237692667166,0.000684749447155152,0.133220862957751,0.00175864834985934,0.00323571321116399,0.0188558375126917,0.00207508906104866,0.0109608158556747,0.0136372119028457,0.00120917954500106,0.00362737946960302,0.349684424423349,0.000740517024235545,0.0262695529474682,0.113147340498988,0.00095000853435613,0.103730866729697,0.00215326911603881
2022-03-14 00:00:00,0.00094412936238779,0.00937813480352767,0.024587095085097,0.00294965319572985,0.016355776833221,0.00066733078367535,0.114591189530847,0.00204245020617874,0.00289686002206491,0.0206341129459581,0.00148158117953413,0.00883335143013654,0.0113828031228439,0.00109268041992284,0.00379872102287322,0.364285860320353,0.00074348147981349,0.0269109198752427,0.121520882983743,0.000981891353575299,0.107380758155585,0.00220243132901264
2022-03-21 00:00:00,0.000961926043692968,0.00947842890130229,0.0232817000557004,0.00298729581286724,0.0159272438889703,0.000682879253703294,0.114207610864303,0.00211210496442292,0.00267890290222342,0.0209737022750329,0.00178702953027503,0.00789064460851267,0.0114667330279147,0.00111925109391174,0.00426629922935016,0.368138359352804,0.000854131276435897,0.0268315560275889,0.12475222909424,0.00100841228837664,0.109284366393638,0.00220460990542731
2022-03-28 00:00:00,0.00104468470500843,0.00830283039579362,0.0218688301450595,0.00296867002467099,0.0154556487192688,0.000675309601205566,0.114605170708212,0.00222375285453438,0.00259619920123599,0.0202593648799531,0.00176940746326861,0.00751536877915491,0.0107789885380929,0.00107173249572914,0.00413020194242362,0.365855507978489,0.000936141349826808,0.0267509757268122,0.125993228818417,0.0010416290939501,0.107287105945075,0.0023077385819909
2022-04-04 00:00:00,0.00112703643884907,0.00966558029553726,0.0215171170265208,0.00318684947737831,0.0165625833714563,0.000700847356020999,0.118863390146159,0.00249563525060674,0.00275002526112554,0.0214810349553775,0.00158852384698039,0.00802268036058973,0.0121655906336816,0.00110185736363275,0.00480862795797772,0.385897373886088,0.00093302462051564,0.0272296420380973,0.129541322046226,0.00124998532740532,0.113167512293059,0.00224454887761631
2022-04-11 00:00:00,0.00109818665526788,0.0110095456779166,0.022187368532279,0.00335302343713925,0.0174860839918901,0.000692751955951451,0.123640053178862,0.00259237329727115,0.00286225964958975,0.022482414118147,0.00153603271736277,0.00866640355778664,0.0137544815514985,0.00116791027253355,0.00667295097399417,0.40485964812816,0.000907537999463351,0.0284209952399989,0.13303844558877,0.00124955873156833,0.118510952538964,0.0022388741609009
2022-04-18 00:00:00,0.00111827634294048,0.0107100456378436,0.0222863387664625,0.0032294396152442,0.0171772881309039,0.000601142980164436,0.115679308581304,0.00262314772253553,0.00279535354901496,0.0221792532905426,0.0013509794116063,0.00840775750973127,0.0219785151471514,0.00114818765569745,0.00735713132987198,0.419330205514977,0.000816434986180682,0.0287762702055511,0.13413875530239,0.00111674853459402,0.115387298770462,0.00206569609274645
2022-04-25 00:00:00,0.00121917994151748,0.010260609221164,0.0229983169757408,0.00345565251238651,0.018302264771455,0.000618115713828597,0.118029731972074,0.0027751610687774,0.00298607402901469,0.0230184360896644,0.00135737642557557,0.00872914884028929,0.0234032835910503,0.0013634790626019,0.00883873062517698,0.417006389164022,0.000887670722929361,0.0315170083697286,0.137184435028713,0.00130855612820294,0.115953943118841,0.00211757693054094
2022-05-02 00:00:00,0.00111436659902296,0.00904676425150871,0.0220964033373089,0.0035636425500739,0.0186820480982918,0.00055801631334747,0.108406445717849,0.00236766867424193,0.00278103073101372,0.0209264681636312,0.00137826351032358,0.00798092772821172,0.0224945090732643,0.00138928924401793,0.0106683707587078,0.398468583678707,0.000854747073374556,0.0302738380934602,0.119528528225991,0.00130139224476189,0.102169399696312,0.00181354599859976
2022-05-09 00:00:00,0.00118025892942042,0.00803328592370083,0.0215656518476046,0.00334858458479798,0.0174251331765482,0.000584728914335304,0.110835635739776,0.00227805884878379,0.00275672357447364,0.0202681158017239,0.00130643712630794,0.00820415671684516,0.0233764367329278,0.00116342081828618,0.0106976011206156,0.407957659557715,0.000779672871369154,0.0285398308766385,0.121396135886576,0.00119193048283031,0.105997884487995,0.00184183103019935
2022-05-16 00:00:00,0.00164699938963777,0.00846387919925981,0.0221609478700392,0.00303977044429602,0.0182621436070103,0.000594612763894923,0.116627524783182,0.00254494150630555,0.00276496011577332,0.0210522813319838,0.00121069669340516,0.00831790522413498,0.0243625753594443,0.00116856865659848,0.00960645595223418,0.41514598866054,0.000903894889698003,0.0283919568811912,0.13428490970497,0.00139365086702435,0.11655686836242,0.00193335023568605
2022-05-23 00:00:00,0.00148052765832396,0.00845181453819698,0.0223911124008352,0.00312443834497435,0.0184852228403474,0.00060025666662641,0.115925406435915,0.00256022590624007,0.00278521451960572,0.0211295363454924,0.00127793682146984,0.00863112778617348,0.0239166508854207,0.00122635548158057,0.0093800727426712,0.423562779178802,0.000837965120476453,0.0288168220166645,0.135503328155843,0.00141143430846685,0.117553040593792,0.00193173100654418
2022-05-30 00:00:00,0.00133407808548591,0.00896002481425914,0.0218777909687918,0.00308646735987703,0.0183623493766212,0.000579339834987553,0.114159946854626,0.00282910449867216,0.00275788810783157,0.0210297654958364,0.00126594177431894,0.00847235177480228,0.0253633378606154,0.00125696406080659,0.010817684881736,0.426943568555886,0.000914693905245216,0.0291107691681451,0.136712316351646,0.00138286186097597,0.114332267502352,0.00188595341141158
2022-06-06 00:00:00,0.00151574012191112,0.0089995611548258,0.0221916136024723,0.00329055203864607,0.0183096991503643,0.000568482083364748,0.113629905524123,0.0027304479208789,0.00275202029854102,0.0217628261416824,0.00122754871037419,0.00854626726091129,0.0270680402936017,0.00151334515495232,0.011098241537019,0.430399317740804,0.00092834575333665,0.0304402774968241,0.139801079297994,0.00174796354175031,0.113186014747715,0.00180190774218028
2022-06-13 00:00:00,0.0016607195793249,0.008763776215856,0.0218172564055173,0.00332901291025014,0.0186777993856706,0.000557930088719698,0.115442515498728,0.00267985313918467,0.00281044511981273,0.0211803189197065,0.00135864442944009,0.00889260953070989,0.0294779161426593,0.00150168847075063,0.0104498948174672,0.431810854706216,0.000917369557901849,0.0304534630713722,0.137213949381436,0.00177999070137649,0.111758393502358,0.00182250799303255
2022-06-20 00:00:00,0.00149272722906714,0.0090485033209433,0.0220842289400502,0.00343023782370442,0.0183237419640084,0.000566219679152744,0.118203452851371,0.0027381807477754,0.00272074432781335,0.0221260569054229,0.00125408777228297,0.00887888486765816,0.0299134289534701,0.00158505276345311,0.00835792211026195,0.442095072602736,0.000938234934247715,0.0309450499240782,0.146850748497632,0.00181274253735183,0.116670656322705,0.00181288393761508
2022-06-27 00:00:00,0.00149444631146301,0.00924387493996067,0.0221949602970089,0.00336137343936066,0.0184731339545654,0.000559219841719739,0.12188268864529,0.00281962344498139,0.00275423884980458,0.0218880722137213,0.00120536054592071,0.00867698069547578,0.0277625838698827,0.0016295865011575,0.00796204107928234,0.445816125103336,0.000956864757804807,0.0320189066514028,0.146636347295287,0.00178537973415179,0.115147584313954,0.00181459414658102
2022-07-04 00:00:00,0.001567268349582,0.00885925485213769,0.0216550454520204,0.00339685378400893,0.0186731721651284,0.000562054975549799,0.114769447446041,0.00280257821615592,0.0027506624628738,0.0217822088137618,0.00119662787935307,0.00855100830636081,0.0284091121894539,0.00176935106709978,0.00796218346069099,0.441358537192239,0.000987124923554201,0.0321160783765956,0.142320101125441,0.00183708341676452,0.112203815837627,0.00175027785857284
2022-07-11 00:00:00,0.00154855794665203,0.00894129210819764,0.0221358319738467,0.00342524764108685,0.0194705583996906,0.000573759775166649,0.116019856936032,0.00274044343855887,0.00285660169719192,0.0219106938244637,0.00125569608583279,0.00896826065757314,0.0292400406652798,0.00186572778246893,0.00822633184997783,0.442115556985023,0.000981484160344015,0.0326667136140691,0.141528822118428,0.00179193139639752,0.114590428798617,0.00178002791752518
2022-07-18 00:00:00,0.00148451412055659,0.00886226095565553,0.0220817221105257,0.00334061891647705,0.0190024096061591,0.00055607732142813,0.115171401494581,0.00262198741114495,0.00277564421969442,0.0215607678261766,0.0012717631908419,0.00861443881823278,0.0271249099495727,0.00185425621502156,0.0080683991183211,0.431439881358691,0.00100865138897501,0.0320118408732919,0.141609909169353,0.00179263109290599,0.114526713225205,0.00171646783222571
2022-07-25 00:00:00,0.00150461527827497,0.00911244132945864,0.02250765588138,0.0034388528509736,0.0190434239150748,0.000559428954085944,0.11437037856582,0.00255822000836149,0.00280095422919801,0.0216100057286239,0.00131512709790949,0.00872392836446421,0.0279257687519918,0.00190687166481214,0.00832214708049451,0.442041294134612,0.000992929813105879,0.0327231644373134,0.142703776682476,0.00177857669513727,0.115823570469838,0.00184172214546876
2022-08-01 00:00:00,0.00144337328626629,0.00872139259640344,0.0228195059073479,0.00328669095538546,0.018108642100537,0.000551160461290279,0.112027552252811,0.00251756000401623,0.00271510683295728,0.0207290880901947,0.00127250122664289,0.00825324280243946,0.0276217320644782,0.00189169837817571,0.00817997576527188,0.435600999171733,0.000966593419876004,0.0319257170607387,0.139320700425789,0.00175430053887252,0.112305064337401,0.00168064544370729
2022-08-08 00:00:00,0.0014593174083442,0.00882134283893209,0.0236437326583419,0.00335648234266092,0.018717758180174,0.000571778151427013,0.112565873056005,0.00245914883932443,0.002811269291987,0.0209454135518053,0.00131487547277907,0.00862608217775989,0.0296019161021646,0.00188316110222711,0.0104491364705663,0.438814912380469,0.00107286225893183,0.0322283010663952,0.13856203016827,0.00186537792268201,0.115342132767768,0.00168586735458889
2022-08-15 00:00:00,0.00142352327608145,0.00885578720424645,0.0244329160849382,0.00330953576098705,0.0186784209096717,0.00057895722438379,0.11335197732675,0.00239732951308794,0.00280259703934356,0.0207834162098676,0.00138412695327517,0.00882996447531497,0.0312476616342125,0.00183624826472696,0.012383580280789,0.441470216101569,0.00110906975732253,0.0318537829184327,0.138464003343643,0.00180397196257346,0.117452518699714,0.0016913676549036
2022-08-22 00:00:00,0.00145981513490642,0.00905460787574505,0.0242600868632396,0.00332024110009651,0.0183505540818631,0.000570740518085435,0.114309864749809,0.00219855945784991,0.00272350913221104,0.0205058956892341,0.00142986718073891,0.00888474814133295,0.0316826746495933,0.00177794676859972,0.0125755677571113,0.452779255350784,0.00107261761367244,0.03162263532852,0.139810809240795,0.00177409149675336,0.118092730035424,0.00174318183363512
2022-08-29 00:00:00,0.00156166377461289,0.00801373180202008,0.0239905708995823,0.00300120982889011,0.0186626508924214,0.000582933084003325,0.127470101461185,0.00218280912626525,0.00281280201639318,0.0197288654892524,0.00155842218634925,0.00908571506137301,0.0269567967930433,0.00143500247095389,0.0106921435730688,0.435453883903627,0.000961884236997898,0.0292730512381464,0.145526233670957,0.00160473662160529,0.121044751457541,0.00178247913413176
2022-09-05 00:00:00,0.00157528376910562,0.00782035977810552,0.0252873847113294,0.00288312751002654,0.0183940539150011,0.000580431665497618,0.128901579759512,0.00223180563613066,0.00282959816899111,0.0198492748856731,0.00149122410275069,0.00820614305214691,0.0167690188602814,0.00142230972639991,0.00909922740468989,0.414868811444808,0.00106193945534583,0.0282325566544789,0.150189409183189,0.00170443208812576,0.124916309985575,0.00168110238922198
2022-09-12 00:00:00,0.00181233401232565,0.00787368244214853,0.0269662467219536,0.00294707337147966,0.0184622325212589,0.000605571854854949,0.131399329082402,0.00226608094855272,0.00285281212877914,0.0199593345176738,0.00155404564136508,0.00855889934280043,0.0156532028465529,0.00140952882118898,0.00900187427418283,0.420872141509321,0.00112322331713666,0.028092611529375,0.146538575851298,0.00166463436646637,0.124955214862627,0.00170276213802704
2022-09-19 00:00:00,0.0017773146627309,0.00761779152429996,0.0260395070879658,0.00271166827711925,0.0168466384715527,0.000593807800446701,0.132766100567401,0.0024690873575822,0.00272476333135865,0.0190878437772984,0.00139813678536708,0.00768159684539825,0.0137378031516498,0.00130142848707636,0.00842878377545579,0.415519554623126,0.000850913979010665,0.0278224433648904,0.139047212776798,0.00215911320435854,0.121690718699117,0.00159755528180823
2022-09-26 00:00:00,0.00134554463837006,0.00754558333082529,0.0244187052786811,0.00252806844296219,0.0159533305665721,0.000584643018958871,0.132845422432516,0.00225392123537518,0.00270226483827096,0.0184888525737359,0.00134704171315359,0.0075349606438398,0.0135937784565224,0.00111829934297301,0.00714364639103084,0.399217512808832,0.000780334631994932,0.0266191019938377,0.134213356185217,0.00179303021129325,0.115992851878897,0.00160261157753107
2022-10-03 00:00:00,0.00132609529678912,0.00796907432537561,0.0231337957193311,0.00252897503934571,0.0162800356952842,0.000587222691943772,0.132106459035056,0.0021687509293394,0.00265763614635516,0.0179562895613782,0.00137337476084072,0.00774148038416953,0.0126818589144949,0.00101165828360108,0.00699142296319781,0.398538924087305,0.000923902327407256,0.0257187742205445,0.131874141910319,0.00154255205061031,0.115868947867798,0.00163331655564154
2022-10-10 00:00:00,0.0013304453885118,0.00855058156834068,0.023879582429816,0.00266626488668829,0.0171993497872613,0.000626738671132635,0.137995554467104,0.00228190888099413,0.0028128264623741,0.0185912124379234,0.00152176210495028,0.00855338372596496,0.0139581742383042,0.00104025934286534,0.007191376358093,0.410321679372461,0.0010058078865215,0.0263141890560244,0.133400833590013,0.00150733853440264,0.120755545610858,0.00173359887084702
2022-10-17 00:00:00,0.00130789317941667,0.0087063831198754,0.0237107623556075,0.00260098175835378,0.0168565419203929,0.000623325277992576,0.136553705452249,0.0022439249596565,0.00270886879595037,0.0181257923142147,0.00148199210580681,0.00801264668571464,0.0139776067648318,0.000978373731423723,0.00639223751901667,0.403803630532801,0.00103498049068362,0.0260434672893999,0.133598667505912,0.00144565931417414,0.119381670748232,0.00176166807583132
2022-10-24 00:00:00,0.00134838554780606,0.00923365710253145,0.023830127919903,0.0027448284957747,0.0167374065616813,0.00063355751928917,0.137971184427709,0.00231533631939596,0.00271211548849521,0.0183166168669911,0.00160984352421095,0.00811993836404262,0.0143582953574313,0.0009988858427584,0.0060030710104321,0.405871368839565,0.0011284757102269,0.0266483046775711,0.136576257661344,0.00148785044100998,0.120509987695987,0.00185155144914499
